domainID,domain,variant,RclID,RCL,targetProtease,tpID,S_position,E_position,linkerID,Linker,LinkerType,Linker_StartPosition,Linker_EndPosition
IRD-1,QICINCCAGKKGCNYFSADGTFICEGESEYVSEVNDNLEKHCPRNCDPRIAYVICPRS,1,RL-1,CPRNC,Trypsin,TP-1,41.0,45.0,,,,,
IRD-2,QICTNCCAGKKGCMYFSDDGTFICEGESEYVSEVPVDNKPCPRNCDGRIAYGICPLS,1,RL-1,CPRNC,Trypsin,TP-1,40.0,44.0,,,,,
IRD-3,QICTNCCAGKKGCMYFSNDGTFICEGESEYVSEVPVDNKPCPRNCDGRIAYGICPLS,1,RL-1,CPRNC,Trypsin,TP-1,40.0,44.0,,,,,
IRD-4,VGCTNCCSGTEGCNYYSANGTFICEGQTKKTIDETNKACPRNCNPRIAYSICPGN,1,RL-1,CPRNC,Trypsin,TP-1,38.0,42.0,,,,,
IRD-5,LGCTNCCAGSLGCNYYSANGTFICEGESEIKVETIETEVETMVEPNKICPRNCDPKIRYG,1,RL-1,CPRNC,Trypsin,TP-1,48.0,52.0,,,,,
IRD-6,VGCTNCCAAKKGCNYFSANGTFVCEGETETKVETIETEVETMVELNKVCPFNCDGRISYS,1,RL-5,CPFNC,Chymotrypsin,TP-2,48.0,52.0,,,,,
IRD-7,GICTNCCAGKKGCYYFSVDGTFICEGESDYVSKIKNDVGKACPFNCDPRITYGICPHS,1,RL-5,CPFNC,Chymotrypsin,TP-2,41.0,45.0,,,,,
IRD-8,VGCTNCCSGTEGCNYFSANGTFICEGQTKKTIDETNKVCPFNCNPRIAYSICPGN,1,RL-5,CPFNC,Chymotrypsin,TP-2,38.0,42.0,,,,,
IRD-9,TGCTTCCTGYTDCYYFGKDGKFVCEGESIEPKACTLECDSRLH,1,RL-9,CTLEC,Chymotrypsin,TP-2,33.0,37.0,,,,,
IRD-10,TGCTTCCTGYKGCYYFGKDGKFVCEGESTEPKACTLECDPRVAYMTCPST,1,RL-9,CTLEC,Chymotrypsin,TP-2,33.0,37.0,,,,,
IRD-11,TGCTTCCTGYKGCYYFGKDGKFVCEGESTEPKACTLECDPRVAYMTCPSA,1,RL-9,CTLEC,Chymotrypsin,TP-2,33.0,37.0,,,,,
IRD-12,TGCTTCCTGYKGCYYFGKDGKFLCEGESTEPKACTLECDPRVAYMTCPST,1,RL-9,CTLEC,Chymotrypsin,TP-2,33.0,37.0,,,,,
IRD-13,TGCTTCCTGYKGCYYFGKDGKFVCEGESIEPKACTLECDSRVAYMTCPSS,1,RL-9,CTLEC,Chymotrypsin,TP-2,33.0,37.0,,,,,
IRD-14,TGCTTCCTGYKGCYYFGHDGKFVCEGQSSEPRACTLECDPKVAYMTCPSS,1,RL-9,CTLEC,Chymotrypsin,TP-2,33.0,37.0,,,,,
IRD-15,TECTTCCTGYKGCYYFGHDGKFVCEGQSSEPRACTLECDPKVAYMTCPSS,1,RL-9,CTLEC,Chymotrypsin,TP-2,33.0,37.0,,,,,
IRD-17,KICTKECLNVGYMICPSSGPQKLHPSCTNCCRAQKGCKLYRSDGTLICT,1,RL-10,CTKEC,Trypsin,TP-1,2.0,6.0,,,,,
IRD-18,GLCTNCCAGKKGCKYFSKDGTYICDGESEWVSEKNNNLKKACTKECDTRIDFGICPLL,1,RL-10,CTKEC,Trypsin,TP-1,41.0,45.0,,,,,
IRD-20,TGCTTCCTGYKGCYYFGQDGEFVCEGESIEPKGCTKECDPRVAYMTCPSS,1,RL-10,CTKEC,Trypsin,TP-1,33.0,37.0,,,,,
IRD-21,GICINCCSGFKECKYFSKDYTFICDGESKDWESRKACSKECDRRIEFGICVTD,1,RL-13,CSKEC,Trypsin,TP-1,36.0,40.0,,,,,
IRD-22,GICINCCSGYKECKYFSKDYTFICDGESKDWQSRKACSKECDRRIEFGICVTD,1,RL-13,CSKEC,Trypsin,TP-1,36.0,40.0,,,,,
IRD-23,GICINCCSGYKECKYFSKDYTFICDGESTDWQSGKACSKECDRRIEFGICVTD,1,RL-13,CSKEC,Trypsin,TP-1,36.0,40.0,,,,,
IRD-24,GICINCCSGFKECKYFSKDYTFICDGESKDWESRKACSKECDRRIEIGICVTD,1,RL-13,CSKEC,Trypsin,TP-1,36.0,40.0,,,,,
IRD-25,GICINCCSGFKECKYFSKDYTLICDGESKDWESRKACSKECDRRIEFGICVTD,1,RL-13,CSKEC,Trypsin,TP-1,36.0,40.0,,,,,
IRD-26,PLCVNCCSGKIGCKYFNKNGTFICDGGSEWDGRKACSKECDPRIDIGFCAYV,1,RL-13,CSKEC,Trypsin,TP-1,35.0,39.0,,,,,
IRD-27,TGCTTCCTGYKGCYYFGQEGEFVCEGESIEPKGCTQECDPRVAYMTCPSS,1,RL-18,CTQEC,Unknown,TP-4,33.0,37.0,,,,,
IRD-28,TGCTTCCTGYKGCYYYGKDDKFVCEGESIEPRVCTQECDPRVAYMTCPST,1,RL-18,CTQEC,Unknown,TP-4,33.0,37.0,,,,,
IRD-29,TGCTTCCTGYKGCYYYGKDGKFVCEGESIEPRVCTQECDPRVAYMTCPST,1,RL-18,CTQEC,Unknown,TP-4,33.0,37.0,,,,,
IRD-30,TGCTTCCTGYKGCYYYGKDDKFVCEGESIEPRVCTQECDPRVAYMTCPSD,1,RL-18,CTQEC,Unknown,TP-4,33.0,37.0,,,,,
IRD-31,IECTSCCTGYKGCYYFDLDGKFVCEGKRSEPKICTQQCDPKVAYMICPSS,1,RL-20,CTQQC,Unknown,TP-4,33.0,37.0,,,,,
IRD-32,TKCTTCCTGYKGCYYYGKDNKFVCEGQSNEPKVCTQQCDPKVAYMTCPPE,1,RL-20,CTQQC,Unknown,TP-4,33.0,37.0,,,,,
IRD-33,TGCTTCCTGYKGCYYYGKDNKFVCEGQSDEPKVCTQQCDPKVAYMTCPPE,1,RL-20,CTQQC,Unknown,TP-4,33.0,37.0,,,,,
IRD-34,IECTSCCTGYKGCYYFGLDGKFVCEGKRSEPKICTQQCDPKVAYMICPSS,1,RL-20,CTQQC,Unknown,TP-4,33.0,37.0,,,,,
IRD-35,TGCTNCCTGYKGCYYFGEDGKFVCKGESPEPKICPAICDLTAAYMTCPSS,1,RL-21,CPAIC,Elastase,TP-3,33.0,37.0,,,,,
IRD-36,TGCTNCCTGYKGCYYFGKDGKFVCEGESTEPKKCPAICIIDAYMTCPSS,1,RL-21,CPAIC,Elastase,TP-3,33.0,37.0,,,,,
IRD-37,TGCTNCCTGYKGCYYFGKDGKFVCEGESTEPKKCPAICIIAAYMTCPSS,1,RL-21,CPAIC,Elastase,TP-3,33.0,37.0,,,,,
IRD-38,RICTNCCAARKGCNYFSADGTFVCKGESVVESMIEAVKPCRRNCDGRISYSVCGNK,1,RL-32,CRRNC,Trypsin,TP-1,39.0,43.0,,,,,
IRD-39,VGCTNCCAAKKGCNYFSANGTFVCKGESVVESMIEAVKPCRRNCDGRISYSVCGNK,1,RL-32,CRRNC,Trypsin,TP-1,39.0,43.0,,,,,
IRD-279,KACPPNCDPHIAYSKCPPSKGKSLIYPTGCTTCCTGYKGCYYFGKNGKFECE,2,RL-14,CPPNC,Unknown,TP-4,2.0,6.0,,,,,
IRD-280,RVCTQECDPRVAYMTCPSTGSTKHTRICVNCCTAKSGCKLYDRNGSQLCTG,2,RL-18,CTQEC,Unknown,TP-4,2.0,6.0,,,,,
IRD-281,RVCTQECDPRVAYMTCPSTGSTKHTRICVNCCTAKPGCKLYDRNGSLLCTG,2,RL-18,CTQEC,Unknown,TP-4,2.0,6.0,,,,,
IRD-282,RVCTQECDPRVAYMTCPSTGSTKHTRICVNCCTAKPGCKLYDRNGSQLCTG,2,RL-18,CTQEC,Unknown,TP-4,2.0,6.0,,,,,
IRD-283,RVCTQECDPRVAYMTCPSDGSTKHTRICENCCTAKPGCKLYDRNGSQLCTG,2,RL-18,CTQEC,Unknown,TP-4,2.0,6.0,,,,,
IRD-284,QICTQECNPNAAYMICQPNNKKTKNVCTNCCKIQNTRCHIYTSKDGLIC,2,RL-18,CTQEC,Unknown,TP-4,2.0,6.0,,,,,
IRD-285,KVCTQQCDPKVAYMTCPPESTKLTRVCVNCCTAKPGCKLYGHDGSLICIG,2,RL-20,CTQQC,Unknown,TP-4,2.0,6.0,,,,,
IRD-286,KVCTQQCDPKVAYMTCPPESAKRTRICVNCCTAKPGCKLYGHDESLICVG,2,RL-20,CTQQC,Unknown,TP-4,2.0,6.0,,,,,
IRD-287,KKCPAICIIDAYMTCPSSGSVKIKVHCGNCCTLREGCKLYRKDGSLICTG,2,RL-21,CPAIC,Elastase,TP-3,2.0,6.0,,,,,
IRD-288,KKCPAICIIAAYMTCPSSGSVKIKVHCGNCCSLSEGCKLYRKDGSLICTG,2,RL-21,CPAIC,Elastase,TP-3,2.0,6.0,,,,,
IRD-289,KGCSRNCDTEVDYMVCPSGGETITRNVCTNCCSAQKSCKLFRSDGSVKCSG,2,RL-22,CSRNC,Trypsin,TP-1,2.0,6.0,,,,,
IRD-290,EHCPKECDRKIAYSKCPHSEGPTKIIPTKCTTCCTGYKGCYYYGKDNKFVCEG,2,RL-23,CPKEC,Trypsin,TP-1,2.0,6.0,,,,,
IRD-291,EHCPKECNRKIAYSKCPHSEGPTKIIPTKCTTCCTGYKGCYYYGKDNKFVCEG,2,RL-23,CPKEC,Trypsin,TP-1,2.0,6.0,,,,,
IRD-299,NTCPLYCDGDIAYSKCPRSEGQTIIYPTGCTTCCTGYKGCYYFSKEGEFVCEG,2,RL-27,CPLYC,Chymotrypsin,TP-2,2.0,6.0,,,,,
IRD-300,KVCPLYCIINQGIYMTCPSSGSQKLEPVCNCCLAKTGCKLYRDNGTLICTA,2,RL-27,CPLYC,Chymotrypsin,TP-2,2.0,6.0,,,,,
IRD-301,KACPLYCLDVDYMTCESSGDKKLNSACNCCLAPKNCTLHLADGRMVQC,2,RL-27,CPLYC,Chymotrypsin,TP-2,2.0,6.0,,,,,
IRD-302,IACPLYCLDVDYMTCPSSGEEKLSPSCNCCLAPKNCTLHLSDGSSLYCK,2,RL-27,CPLYC,Chymotrypsin,TP-2,2.0,6.0,,,,,
IRD-303,IVCPLYCLDVDYMTCPSSGEEKLSPSCNCCLAPKNCTLHLSDGSSIYCK,2,RL-27,CPLYC,Chymotrypsin,TP-2,2.0,6.0,,,,,
IRD-304,KACPLYCLDVEYMTCQSSGDEKLNPSCNCCLAPKNCTLHLSDGTSLFCK,2,RL-27,CPLYC,Chymotrypsin,TP-2,2.0,6.0,,,,,
IRD-305,KACPLYCLDVEYMTCQSSGEKKLNPSCNCCLAPKNCTVHLVDGTSIYCKG,2,RL-27,CPLYC,Chymotrypsin,TP-2,2.0,6.0,,,,,
IRD-306,EACPLYCLDVEYMTCESSGEEKLSPRCNCCLAPKNCTLHLSDGTSIFCK,2,RL-27,CPLYC,Chymotrypsin,TP-2,2.0,6.0,,,,,
IRD-307,IACPLYCLQVEYMTCPSSGADKLPPRCNCCLAPKNCTLHLSDSTTIHCS,2,RL-27,CPLYC,Chymotrypsin,TP-2,2.0,6.0,,,,,
IRD-308,KACPLYCLDVDYMTCVSSGEEKLTAPCNCCLAPKQCTLHLVDGSEVQCD,2,RL-27,CPLYC,Chymotrypsin,TP-2,2.0,6.0,,,,,
IRD-309,LACPLYCLDVKYMTCTSSGGERLPGRCNCCLAPKGCTLHLTDGTTRFCV,2,RL-27,CPLYC,Chymotrypsin,TP-2,2.0,6.0,,,,,
IRD-310,IACPLYCLEVEYMTCPSSGDEKLPPRCNCCLAPKDCTLHLSGSTSIHCT,2,RL-27,CPLYC,Chymotrypsin,TP-2,2.0,6.0,,,,,
IRD-311,IACPLYCLEVEYMTCPSSGDEKLPPRCNCCLAPKNCTLHLSGSTSIHCT,2,RL-27,CPLYC,Chymotrypsin,TP-2,2.0,6.0,,,,,
IRD-312,KACPLYCLQVEYMTCLSSGDAKLPPRCNCCLAPKNCTLHLSDSTSIHCK,2,RL-27,CPLYC,Chymotrypsin,TP-2,2.0,6.0,,,,,
IRD-313,KACPLYCLDVEYMTCQSSGEKKLNPKCNCCLAPKNCTLHLVDGNSL,2,RL-27,CPLYC,Chymotrypsin,TP-2,2.0,6.0,,,,,
IRD-314,IACPLYCLQVEYMTCRSSGEEKLPPKCNCCLAPKNCTLHLSDSTSIHCN,2,RL-27,CPLYC,Chymotrypsin,TP-2,2.0,6.0,,,,,
IRD-315,IACPLYCLQVEYMTCLSSGDDKLPPRCNCCLAPKNCTLHLSDSTSIHCN,2,RL-27,CPLYC,Chymotrypsin,TP-2,2.0,6.0,,,,,
IRD-317,KACPANCDPRIAYSKCPRSQGRRIHYPTGCTNCCTGYKGCYYFGKDGKFVCEG,2,RL-29,CPANC,Elastase,TP-3,2.0,6.0,,,,,
IRD-318,KACPANCDPRIAYSKCPRSQGRRIDYPTGCTNCCTGYKGCYYFGKDGKFVCEG,2,RL-29,CPANC,Elastase,TP-3,2.0,6.0,,,,,
IRD-319,KACPANCDRRIAYSKCPRSQGRRIHYPTGCTNCCTGYKGCYYFGEDGKFVCKG,2,RL-29,CPANC,Elastase,TP-3,2.0,6.0,,,,,
IRD-320,KACTRNCDPDVAYMVCPSSGHRIIKQVCVNCCSARKGCKLFRKNGSVKCIG,2,RL-30,CTRNC,Trypsin,TP-1,2.0,6.0,,,,,
IRD-321,KACTRNCDPDVAYMVCPSTRQKITKPCVNCCSAKKGCKLFRSNGSVKCTG,2,RL-30,CTRNC,Trypsin,TP-1,2.0,6.0,,,,,
IRD-322,KACTRNCDPDVAYMVCPSTGQRITKPCVNCCSARKGCKLFRSNGSVKCTG,2,RL-30,CTRNC,Trypsin,TP-1,2.0,6.0,,,,,
IRD-323,KACTRNCDPDVAYMVCPSTRQKITKPCVNCCSARKGCKLFRSNGSVKCTG,2,RL-30,CTRNC,Trypsin,TP-1,2.0,6.0,,,,,
IRD-324,KACTRNCDPDVAYMVCPSTGQRITKPCVNCCSARKGCKLFHSNGSVKCTG,2,RL-30,CTRNC,Trypsin,TP-1,2.0,6.0,,,,,
IRD-325,KICPQYCTDQAGYMTCPSSGNTQLSPSCNCCLAPAGCTLYRADGTSICTG,2,RL-33,CPQYC,Unknown,TP-4,2.0,6.0,,,,,
IRD-326,KVCPQYCTQDAGYMTCPSSGNKQLNPPCNCCLAPKGCTVYHADGTAICTG,2,RL-33,CPQYC,Unknown,TP-4,2.0,6.0,,,,,
IRD-327,KACPQYCLDVEYMTCPSTGEQQLSPKCNCCLAPKGCILHLSDGTSVTCS,2,RL-33,CPQYC,Unknown,TP-4,2.0,6.0,,,,,
IRD-328,NACPQYCLDYAYMTCPSSGSQKLDPACNCCLAQGCTLYLADGTSTYCD,2,RL-33,CPQYC,Unknown,TP-4,2.0,6.0,,,,,
IRD-329,VACPQYCLEVDYITCPSSGSQKLPARCNCCMAPKGCTLHLSDGINQTCS,2,RL-33,CPQYC,Unknown,TP-4,2.0,6.0,,,,,
IRD-330,VACPQYCLDVDYMTCASSGDEKLAARCNCCLAPKGCTLHLVDGQNVYCA,2,RL-33,CPQYC,Unknown,TP-4,2.0,6.0,,,,,
IRD-331,MACPQYCLEVDYITCPSSGSQKLPARCNCCMAPKGCTLHLPDGINQTCS,2,RL-33,CPQYC,Unknown,TP-4,2.0,6.0,,,,,
IRD-332,VACPQYCLEVDYVTCPSSGAEKLPARCNCCMTPKGCTLHLSDGTQQTC,2,RL-33,CPQYC,Unknown,TP-4,2.0,6.0,,,,,
IRD-333,VACPQYCLEVDYVTCPSSEQQKLPARCNCCMAPKGCTLHLSDGISQTCS,2,RL-33,CPQYC,Unknown,TP-4,2.0,6.0,,,,,
IRD-334,VACPQYCLEVDYVTCPSSGAEKLPARCNCCMTPKGCTLHLSDGTRQTC,2,RL-33,CPQYC,Unknown,TP-4,2.0,6.0,,,,,
IRD-335,EACPQYCLDVEYMTCGNSGTKQYPSCINCCLAPKGCTLHLADGTTQYCG,2,RL-33,CPQYC,Unknown,TP-4,2.0,6.0,,,,,
IRD-336,VACPQYCLDVSYVTCTSSGEERLPARCNCCLAGKGCTLHLSDGSQMTCS,2,RL-33,CPQYC,Unknown,TP-4,2.0,6.0,,,,,
IRD-337,VACPQYCLDVSYVTCTSSGKERLPARCNCCLAGKGCTLHLSDGSQMTCS,2,RL-33,CPQYC,Unknown,TP-4,2.0,6.0,,,,,
IRD-338,FACPQYCLEVDYVTCPSSGAEKLPARCNCCMTPKGCTLHISDGTQQTC,2,RL-33,CPQYC,Unknown,TP-4,2.0,6.0,,,,,
IRD-339,RFCPLFCFRSEYMTCPSTGYERLPPQCNCCLAGPGCKIYGFDGRLLCAE,2,RL-35,CPLFC,Chymotrypsin,TP-2,2.0,6.0,,,,,
IRD-342,KMCLQVCDNEVAYMTCPSSGDEKITEVCVNCCTADEGCKLYRADGSLICTG,2,RL-36,CLQVC,Unknown,TP-4,2.0,6.0,,,,,
IRD-343,KMCLQVCDPEVAYMTCPSSGDEKISDVCVNCCTAAVGCKLFRSDGSLICTG,2,RL-36,CLQVC,Unknown,TP-4,2.0,6.0,,,,,
IRD-344,KMCLQVCDPEVAYMTCPSSGDEKMSDVCVNCCTAAVGCKLFRSDGSFICTG,2,RL-36,CLQVC,Unknown,TP-4,2.0,6.0,,,,,
IRD-345,KMCLQVCDNEVAYMTCPSSGDEKISGVCVNCCTADEGCKLYRMAQNP,2,RL-36,CLQVC,Unknown,TP-4,2.0,6.0,,,,,
IRD-347,KSCLQFCDNEVAYMTCPSSRDEQISPVCVNCCTANEGCKLFRKNGSLICTG,2,RL-37,CLQFC,Unknown,TP-4,2.0,6.0,,,,,
IRD-348,KMCIQVCDPEVASMTCPSSGDEKINDVCVNCCTAAVGCKLFRSDGSLICTG,2,RL-38,CIQVC,Unknown,TP-4,2.0,6.0,,,,,
IRD-349,KMCIQVCDPEVASMTCPSSGDEKINDVCVNCCTAAVGCKLFRSDGSLICIG,2,RL-38,CIQVC,Unknown,TP-4,2.0,6.0,,,,,
IRD-350,KVCPLICYDVAAYMTCPSSGNEHLSPLCNCCLASEPGCAIYLSDGTRLCTS,2,RL-39,CPLIC,Chymotrypsin,TP-2,2.0,6.0,,,,,
IRD-351,RLCPLICEPPKIKVCPSRGTNQIPISVLPPDKEPSNGCHLYNLKTGA,2,RL-39,CPLIC,Chymotrypsin,TP-2,2.0,6.0,,,,,
IRD-352,RPCPLICQPPKIKVCPSPGTNQIPISVLPPDKEPSNGCHLYNLKTGA,2,RL-39,CPLIC,Chymotrypsin,TP-2,2.0,6.0,,,,,
IRD-353,KVCPLICYDAAAYMTCPSSGNEHLSPLCNCCLASEPGCALDLSDGTRL,2,RL-39,CPLIC,Chymotrypsin,TP-2,2.0,6.0,,,,,
IRD-354,KICPQICFDAAAYMMCPSSGTQKLAPTCNCCLAPQGCSLYYADRTLICTS,2,RL-40,CPQIC,Unknown,TP-4,2.0,6.0,,,,,
IRD-355,KVCPQICYEAAYMTCPSSGSTHLSPSCNCCLAPEVGCKIYNSDGTRICTS,2,RL-40,CPQIC,Unknown,TP-4,2.0,6.0,,,,,
IRD-356,VACPLVCLDVDYMTCPSTGDEHLSPQCNCCLAPKGCTLHLTDGTSVSCS,2,RL-41,CPLVC,Chymotrypsin,TP-2,2.0,6.0,,,,,
IRD-357,KVCNKICYGAAAYMTCPSSGSTQLDPVCNCCLAPALGCTLYESDGTPICTS,2,RL-42,CNKIC,Trypsin,TP-1,2.0,6.0,,,,,
IRD-358,KVCNKICYGAAAYMTCPSSGNTQLDPVCNCCLAPALGCTLYESDGTPICTS,2,RL-42,CNKIC,Trypsin,TP-1,2.0,6.0,,,,,
IRD-359,KSCPRDCISDAAYMVCPTRHRQHKLIESYCDNCCTLPENCKLFKENGDLICTG,2,RL-43,CPRDC,Trypsin,TP-1,2.0,6.0,,,,,
IRD-360,KSCPRDCISDAAYMVCPTRHGRHKLIESYCDNCCTLPENCKLFKENGDLICTG,2,RL-43,CPRDC,Trypsin,TP-1,2.0,6.0,,,,,
IRD-361,KSCPRDCISDAAYMVCPTHHGRHKLIESYCDNCCTLPGNCKLFKENGDLICTG,2,RL-43,CPRDC,Trypsin,TP-1,2.0,6.0,,,,,
IRD-362,RVCAMYCLNGTYMTCPPKDPEKLPPACNCCLAKKRGCTIYLSDGGALYCMG,2,RL-44,CAMYC,Unknown,TP-4,2.0,6.0,,,,,
IRD-363,RVCAMYCLNGTYMTCPPKDPEKLPPACNCCLAKKRGCTIYLSDGGAVSG,2,RL-44,CAMYC,Unknown,TP-4,2.0,6.0,,,,,
IRD-364,RMCAMYCLDAKYMTCPPKDTEQLPPACNCCVAEKRGCTIYLSNGGVEKC,2,RL-44,CAMYC,Unknown,TP-4,2.0,6.0,,,,,
IRD-365,KACLQKCNNEVEYMTCPSSGDEKIMPTCTNCCLAEVGCKLFRADGSLICVG,2,RL-51,CLQKC,Unknown,TP-4,2.0,6.0,,,,,
IRD-366,KVCPRFCYAAVAYMTCPPAPYKKLGPVCNCCMAKPGCKLFRADGTVICTA,2,RL-52,CPRFC,Trypsin,TP-1,2.0,6.0,,,,,
IRD-367,KVCPFFCYAEVAYMTCPPAPYKKLGPVCNCCLAKPGCKLFRADGTVICTA,2,RL-53,CPFFC,Chymotrypsin,TP-2,2.0,6.0,,,,,
IRD-368,KYCTQDCLPNVWYMTCPSSGNKKLYPLCINCCRTPKGCKLFGPNDYLIL,2,RL-54,CTQDC,Unknown,TP-4,2.0,6.0,,,,,
IRD-369,KVCIQICYEAAYMTCPSSGSTHLSPSCNCCLAPEVGCKIYNSDGTQICTS,2,RL-55,CIQIC,Unknown,TP-4,2.0,6.0,,,,,
IRD-370,KACYLICFDAAYMTCPSTGLQKLAPACNCCLAGSGCKIYAADGSLICS,2,RL-56,CYLIC,Chymotrypsin,TP-2,2.0,6.0,,,,,
IRD-371,KACYLYCLQVDYMTCPSSGEEKLEPKCNCCLAPKGCTLHLSGGSSMLCS,2,RL-57,CYLYC,Chymotrypsin,TP-2,2.0,6.0,,,,,
IRD-372,RFCPMYCLDFEYMTCNSTGTKQLPGVCNCCLAAQKGCTIHLRNGGVQKCP,2,RL-58,CPMYC,Unknown,TP-4,2.0,6.0,,,,,
IRD-373,KVCIETCQEAYYMTCPSTGNAKLNPACNCCLASLKEDGCTIYLKDGTVEKCP,2,RL-62,CIETC,Unknown,TP-4,2.0,6.0,,,,,
IRD-374,KPCPDICLDYAYMTCPSSGNQKLDPACNCCFAPGCTLYLPDGTSTYCN,2,RL-63,CPDIC,Unknown,TP-4,2.0,6.0,,,,,
IRD-377,KICPQFCEPNIGYMTCPSTGHKKLYPKCINCCKAGKGCKLYRKNGSLRCTG,2,RL-12,CPQFC,Unknown,TP-4,2.0,6.0,,,,,
IRD-378,QICPQFCEPNVDYMTCSSSGSTILRPTCINCCQARGRGCQLFRRDGSAICN,2,RL-12,CPQFC,Unknown,TP-4,2.0,6.0,,,,,
IRD-379,QICPQFCEPNVDYMTCSSSGSTILRPTCINCCQATGRGCQLFRRDGSTICN,2,RL-12,CPQFC,Unknown,TP-4,2.0,6.0,,,,,
IRD-380,QICPQFCEPNVDYMTCSSSGSTILRPTCINCSQARGRGCQLFRRDGSAICN,2,RL-12,CPQFC,Unknown,TP-4,2.0,6.0,,,,,
IRD-381,KICPQFCYDSVAYMTCPSSGDQHLTPKCNCCLASTGCILYEADGTPICTA,2,RL-12,CPQFC,Unknown,TP-4,2.0,6.0,,,,,
IRD-382,KICPQFCYDGLEYMTCPSTGSQHLKPACNCCIAGEKGCALYLNNGQVVNCT,2,RL-12,CPQFC,Unknown,TP-4,2.0,6.0,,,,,
IRD-383,KICPQFCYDTVAYMTCPSTGGQHLYPKCNCCLASIGCILYEADGTPICTA,2,RL-12,CPQFC,Unknown,TP-4,2.0,6.0,,,,,
IRD-384,KICPQFCYDGLEYMTCPSTGSQHLKPACNCCIAGEKGCVLYLNNGQVINCT,2,RL-12,CPQFC,Unknown,TP-4,2.0,6.0,,,,,
IRD-385,KICPQFCFDGIEYMTCPSTGDKHLKPACNCCIADEKGCAIYLNNGQVVNCT,2,RL-12,CPQFC,Unknown,TP-4,2.0,6.0,,,,,
IRD-386,KICPQFCYDGIEYMTCPSTGSQRLKPVCNCCLADENGCAIYLNNGQVVNC,2,RL-12,CPQFC,Unknown,TP-4,2.0,6.0,,,,,
IRD-387,KFCPQFCYDGLEYMTCPSTGSQHLKPACNCCIAGEKGCVLYLNNGQVINCT,2,RL-12,CPQFC,Unknown,TP-4,2.0,6.0,,,,,
IRD-388,KFCPQFCYEGIEYMTCPSTGSKHLRPVCNCCLASEKGCAIYLSSGQVVNCA,2,RL-12,CPQFC,Unknown,TP-4,2.0,6.0,,,,,
IRD-389,EACPQFCYEAAYMTCPSSGSTHISPSCNCCLAPQVGCKIYYSDGTLICT,2,RL-12,CPQFC,Unknown,TP-4,2.0,6.0,,,,,
IRD-390,VACPQFCLDVDYVTCPSSGSEKLPASCNCCMTPKGCTLHLSDGTQQTCS,2,RL-12,CPQFC,Unknown,TP-4,2.0,6.0,,,,,
IRD-391,VACPQFCLDVDYVTCPSSGSEKLPARCNCCMTPKGCTLHLSDGTQQTCS,2,RL-12,CPQFC,Unknown,TP-4,2.0,6.0,,,,,
IRD-392,AACPQFCLDVAYVTCPSSGSEQLPARCNCCMTPAGCTLHLSDGTQQTC,2,RL-12,CPQFC,Unknown,TP-4,2.0,6.0,,,,,
IRD-393,KICPQFCYDNLDYMTCRSTGDQKRTPSCNCCLAPTNDGCILYFANGDAPIVC,2,RL-12,CPQFC,Unknown,TP-4,2.0,6.0,,,,,
IRD-394,VVCPLYCLQVDYMTCPSSGSEKLPAKCNCCLARAPKGCTLHLSDGTQQTCS,2,RL-27,CPLYC,Chymotrypsin,TP-2,2.0,6.0,,,,,
IRD-395,VVCPLYCLQVDYVTCPSSGSEKLPARCNCCLAPKGCTLHLSDGRQQNCS,2,RL-27,CPLYC,Chymotrypsin,TP-2,2.0,6.0,,,,,
IRD-396,VACPQYCLEVDYVTCPSSGSEKLPARCNCCLAPKGCTLHLSDGTQQTCS,2,RL-33,CPQYC,Unknown,TP-4,2.0,6.0,,,,,
IRD-397,VACPQYCLEVEYTTCPSSGSEKLPARCNCCMAPKGCTLHLSDGTKQTCR,2,RL-33,CPQYC,Unknown,TP-4,2.0,6.0,,,,,
IRD-398,KVCPLICYDSAGYMTCPSSGDQHLSPPCNCCLASTGCKIYKADGTLICTA,2,RL-39,CPLIC,Chymotrypsin,TP-2,2.0,6.0,,,,,
IRD-399,VACPQICYEAAYMTCPSSGDQHLTPACNCCIASTGCTLYNEDGTSICTA,2,RL-40,CPQIC,Unknown,TP-4,2.0,6.0,,,,,
IRD-400,VACHQYCLEVDYITCPSSGSEKLPARCNCCMAGKGCTLHLSGGINQTCN,2,RL-59,CHQYC,Unknown,TP-4,2.0,6.0,,,,,
IRD-402,KVCPFNCDGRISYSVCGNKKSSGRICTNCCAARKGCNYFSADGTFVCKG,2,RL-5,CPFNC,Chymotrypsin,TP-2,2.0,6.0,,,,,
IRD-403,KVCPFNCNPRIAYSICPGNKRSKGRICTNCCAGKKGCNYFSTDGTFVCEG,2,RL-5,CPFNC,Chymotrypsin,TP-2,2.0,6.0,,,,,
IRD-405,NACTFNCDPNIAYSRCPRSQGKSLIYPTGCTTCCTGYKGCYYFGKDGKFVCEG,2,RL-7,CTFNC,Chymotrypsin,TP-2,2.0,6.0,,,,,
IRD-406,NACTFNCDPNIAYSRCPRSQGKSLIYPTGCTTCCTGYKGCYYFGKDGKIVCEG,2,RL-7,CTFNC,Chymotrypsin,TP-2,2.0,6.0,,,,,
IRD-407,NACTFNCDPNIAYSRCPRSQGKSLIYPTGCTTCCTGYKGCYYFGKSGKIVCEG,2,RL-7,CTFNC,Chymotrypsin,TP-2,2.0,6.0,,,,,
IRD-408,KDCTFECDTQIAYSKCPRSEGKMIIKPTGCTTCCTGYQGCYYFDQDGDFVCEG,2,RL-8,CTFEC,Chymotrypsin,TP-2,2.0,6.0,,,,,
IRD-409,NDCTFECDTQIAYSKCPRSEGKMIIKPTGCTTCCTGYQGCYYFDQDGDFVCEG,2,RL-8,CTFEC,Chymotrypsin,TP-2,2.0,6.0,,,,,
IRD-419,KACTKECGNFAYGICPRSQGTPDDPICTTCCAGYKGCNYYSANGTFICEG,2,RL-10,CTKEC,Trypsin,TP-1,2.0,6.0,,,,,
IRD-420,KACTKECGNFAYGICPRSQGTPDHPICTTCCAGYKGCNYYNANGTFICEG,2,RL-10,CTKEC,Trypsin,TP-1,2.0,6.0,,,,,
IRD-429,ERCSKECDRKIAYSKCPRSEGPTIIKPTGCTTCCTGYKGCYYYGKDNKFVCEG,2,RL-13,CSKEC,Trypsin,TP-1,2.0,6.0,,,,,
IRD-435,KPCRRNCDGRISYSVCGNKKSSGRICTNCCAGKKGCNYFSADGTFVCEG,2,RL-32,CRRNC,Trypsin,TP-1,2.0,6.0,,,,,
IRD-437,NDCSYECDTQIAYSKCPRSEGKMIIKPTGCTTCCTGYQGCYYFDQEGDFVCEG,2,RL-50,CSYEC,Chymotrypsin,TP-2,2.0,6.0,,,,,
IRD-438,KACPRNCDTDIAYMVCPSSGERTIRKVCTNCCAAQKGCKLFRSNGSIKCTG,2,RL-1,CPRNC,Trypsin,TP-1,2.0,6.0,,,,,
IRD-439,AGCPRNCDPDAAYIKCPPNPKKTEAGCTNCCVSTSRGCRLYYSNNTRLC,2,RL-1,CPRNC,Trypsin,TP-1,2.0,6.0,,,,,
IRD-443,KACPLNCDTNIAYSRCSRSKGKTLIYPTGCTTCCTGYKGCYYFGKNGKFVCEG,2,RL-2,CPLNC,Chymotrypsin,TP-2,2.0,6.0,,,,,
IRD-447,KPCTLNCDPRIAYSKCPRSEGNAGNRICTNCCAGRKGCNYYSADGTFICEG,2,RL-3,CTLNC,Chymotrypsin,TP-2,2.0,6.0,,,,,
IRD-483,KACPRNCNPRIAYSICPGNKRSEGRICTNCCAGSKGCNYYTVDGTFVCEG,2,RL-1,CPRNC,Trypsin,TP-1,2.0,6.0,,,,,
IRD-484,KACPRNCDPHIAYSKCPRSGGKTLIYPTGCTTCCTGYTDCYYFGKDGKFVCEG,2,RL-1,CPRNC,Trypsin,TP-1,2.0,6.0,,,,,
IRD-485,KACPRNCDPHIAYSKCPRSEGKSLIYPTGCTTCCTGYKGCYYFGKNGKFVCEG,2,RL-1,CPRNC,Trypsin,TP-1,2.0,6.0,,,,,
IRD-487,NVCPRNCDTNIAYSKCPRSEGKSLIYPTGCTTCCTGYKGCYYFGKNGKFVCEG,2,RL-1,CPRNC,Trypsin,TP-1,2.0,6.0,,,,,
IRD-488,NVCPRNCDTNIAYSKCLRSEGKSLIYPTECTTCCTGYKGCYYFGKNGKFVCEG,2,RL-1,CPRNC,Trypsin,TP-1,2.0,6.0,,,,,
IRD-489,NVCPRNCDTNIAYSKCLRSEGKSLIYPTGCTTCCTGYKGCYYFGKNGKFVCEG,2,RL-1,CPRNC,Trypsin,TP-1,2.0,6.0,,,,,
IRD-490,NVCPRNCDTNIAYLKCLRSEGKSLVYPAGCTTCCTGYKGGYYFGKNGKFVCEG,2,RL-1,CPRNC,Trypsin,TP-1,2.0,6.0,,,,,
IRD-491,KACPRNCDTDIAYMVCPSSGERIIRKVCTNCCAAQKGCKLFRSNGSIKCTG,2,RL-1,CPRNC,Trypsin,TP-1,2.0,6.0,,,,,
IRD-494,KACPLNCDPHIAYSKCPRSEGKSLIYPTGCTTCCTGYKGCYYFSKNGKFVCEG,2,RL-2,CPLNC,Chymotrypsin,TP-2,2.0,6.0,,,,,
IRD-495,KACPLNCDPHIAYSKCPRSEGKSLIYPTGCTTCCTGYKGCYYFDKNGKFVCEG,2,RL-2,CPLNC,Chymotrypsin,TP-2,2.0,6.0,,,,,
IRD-496,KACPLNCDPHIAYSKCPRSEGKSLIYPTGCTTCCTGYKGCYYFGKNGKFVCEG,2,RL-2,CPLNC,Chymotrypsin,TP-2,2.0,6.0,,,,,
IRD-497,KACPLNCDTNIAYSRCPHSEGKSLIYPTGCTTCCTGYKGCYYFGKNGKFVCEG,2,RL-2,CPLNC,Chymotrypsin,TP-2,2.0,6.0,,,,,
IRD-498,NACPLNCDPNIAYSRCPRSEGKSLIYPTGCTTCCTGYKGCYYFGKNGKFVCEG,2,RL-2,CPLNC,Chymotrypsin,TP-2,2.0,6.0,,,,,
IRD-499,KACPLNCDTNIAYSRCPRSEGKSLIYPTGCTTCCTGYKGCYYFGTNGKFVCEG,2,RL-2,CPLNC,Chymotrypsin,TP-2,2.0,6.0,,,,,
IRD-500,KACPLNCDTNIAYSRCPRSEGKSLIYPTGCTTCCTGYKDCYYFDKNGKFVCEG,2,RL-2,CPLNC,Chymotrypsin,TP-2,2.0,6.0,,,,,
IRD-508,KACPRNCDPRIDYRVCPRSEENNNQKCTNCCAGTKGCNYFSANGTFICEG,2,RL-1,CPRNC,Trypsin,TP-1,2.0,6.0,,,,,
IRD-516,KPCPRNCDGRIAYGICPLSENKRINQICTNCCAGKKGCLYFSNDGTFICEG,2,RL-1,CPRNC,Trypsin,TP-1,2.0,6.0,,,,,
IRD-676,KVCPQFCLDAEYMTCGSSDERLNPSCNCCLAPQGCTLYFSDGTSQYCA,2,RL-12,CPQFC,Unknown,TP-4,2.0,6.0,,,,,
IRD-677,MACPLYCLDVEYMTCNGTKVTPGRCNCCLAPKGCILHLSDGTSVNCG,2,RL-27,CPLYC,Chymotrypsin,TP-2,2.0,6.0,,,,,
IRD-678,KACPLYCLDVVSMTCNGTEVNFTSCNCCLAPKGCTLHLADGGSVYCG,2,RL-27,CPLYC,Chymotrypsin,TP-2,2.0,6.0,,,,,
IRD-679,KACPLYCLDVVSMTCNGTEVNFTRCNCCLAPKGCTLHLADGRSVYCS,2,RL-27,CPLYC,Chymotrypsin,TP-2,2.0,6.0,,,,,
IRD-680,EACPQYCLDVEYMTCGNSETKLPPRCNCCLAPKGCTLHLADGTSQYCS,2,RL-33,CPQYC,Unknown,TP-4,2.0,6.0,,,,,
IRD-681,KICPQYCLDVEYMTCGSSCERLEPKCNCCLAPEGCTLHLADGTSEYCG,2,RL-33,CPQYC,Unknown,TP-4,2.0,6.0,,,,,
IRD-682,PACPQYCLSDADYVICNSPVPAKYPVSCGNCCFARSAVGSSKDCSIHFTDGRLQACG,2,RL-33,CPQYC,Unknown,TP-4,2.0,6.0,,,,,
IRD-683,RLCPLICEPPKIKVCPSRGTNRIPISVLPPDKEPSNGCHLYNLKTGA,2,RL-39,CPLIC,Chymotrypsin,TP-2,2.0,6.0,,,,,
IRD-684,RPCPLICHPPKIKVCPSRGTNRIPISVLPPDKEPSNGCHLYNLKTGAP,2,RL-39,CPLIC,Chymotrypsin,TP-2,2.0,6.0,,,,,
IRD-685,KVCPLVCFKAAYMICPHPPHKKLRPVCNCCLAKPHCKLYRHDGTVICTA,2,RL-41,CPLVC,Chymotrypsin,TP-2,2.0,6.0,,,,,
IRD-686,KTCTFKCGSASYVCPGPKSVALDFNSCHTCRKPLKEGCKLYNRQGHQLCV,2,RL-60,CTFKC,Chymotrypsin,TP-2,2.0,6.0,,,,,
IRD-687,KVCIEICLEANYMTCPSTGNAELNPACNCYLANEDGCTIYLKDGTVEKCPR,2,RL-61,CIEIC,Unknown,TP-4,2.0,6.0,,,,,
IRD-688,KVCPQLCLGAEYMTCGSSDERLNPSCNCCLAPQGCTLYFSDGTSQYCA,2,,,,,,,,,,,
IRD-689,KACSKECDRRIEFGICVTDLTKTVNGLCTTCSAGKKGCKYFNNNGTYICDG,2,RL-13,CSKEC,Trypsin,TP-1,2.0,6.0,,,,,
IRD-690,KACSKECDRRIEIGICVTDLTKTVNGLCTTCSAGKKGCKYFNNNGTYICDG,2,RL-13,CSKEC,Trypsin,TP-1,2.0,6.0,,,,,
IRD-691,KACSKECDPRIDIGFCAYVQTKIVNGLSTNCSAGKKGCKYFSNDGT,2,RL-13,CSKEC,Trypsin,TP-1,2.0,6.0,,,,,
IRD-692,KVCTMECGNFAYGICPRSEGSPICTNCCSGYKGCNYYSANGTFICEG,2,RL-19,CTMEC,Unknown,TP-4,2.0,6.0,,,,,
IRD-693,KACPRNCDTRIAYSKMSTFRRKTQKIAYAPIAVQAVRVATNYSADGTFICEG,2,RL-1,CPRNC,Trypsin,TP-1,2.0,6.0,,,,,
IRD-694,KVCTRECGFVSYVCPGPKSVALDFNSCHTCKKPLREGCKLYNRQGHQLCV,2,RL-4,CTREC,Trypsin,TP-1,2.0,6.0,,,,,
IRD-695,KVCTRECGFVSYVCPGPKSVALDFNSCHTCKKPLKEGCKLYNRQGHQLCV,2,RL-4,CTREC,Trypsin,TP-1,2.0,6.0,,,,,
IRD-696,KACTLECGFASYVCPGPKSVALDFNSCHTCKKPLREGCKLYNRQGHQLCV,2,RL-9,CTLEC,Chymotrypsin,TP-2,2.0,6.0,,,,,
IRD-697,KACTLECGFASYVCPGPKSVALDFNSCHTCKKPLREGCKLYNRRGHQLCV,2,RL-9,CTLEC,Chymotrypsin,TP-2,2.0,6.0,,,,,
IRD-698,TICTLECNTKAVYIRCLPDKKKTKIGSGGCTNCCVSRKRGCQLYDSNDRRLCA,2,RL-9,CTLEC,Chymotrypsin,TP-2,2.0,6.0,,,,,
