,id,domainID,domain,variant
0,1,IRD-1,QICINCCAGKKGCNYFSADGTFICEGESEYVSEVNDNLEKHCPRNCDPRIAYVICPRS,1
1,2,IRD-2,QICTNCCAGKKGCMYFSDDGTFICEGESEYVSEVPVDNKPCPRNCDGRIAYGICPLS,1
2,3,IRD-3,QICTNCCAGKKGCMYFSNDGTFICEGESEYVSEVPVDNKPCPRNCDGRIAYGICPLS,1
3,4,IRD-4,VGCTNCCSGTEGCNYYSANGTFICEGQTKKTIDETNKACPRNCNPRIAYSICPGN,1
4,5,IRD-5,LGCTNCCAGSLGCNYYSANGTFICEGESEIKVETIETEVETMVEPNKICPRNCDPKIRYG,1
5,6,IRD-6,VGCTNCCAAKKGCNYFSANGTFVCEGETETKVETIETEVETMVELNKVCPFNCDGRISYS,1
6,7,IRD-7,GICTNCCAGKKGCYYFSVDGTFICEGESDYVSKIKNDVGKACPFNCDPRITYGICPHS,1
7,8,IRD-8,VGCTNCCSGTEGCNYFSANGTFICEGQTKKTIDETNKVCPFNCNPRIAYSICPGN,1
8,9,IRD-9,TGCTTCCTGYTDCYYFGKDGKFVCEGESIEPKACTLECDSRLH,1
9,10,IRD-10,TGCTTCCTGYKGCYYFGKDGKFVCEGESTEPKACTLECDPRVAYMTCPST,1
10,11,IRD-11,TGCTTCCTGYKGCYYFGKDGKFVCEGESTEPKACTLECDPRVAYMTCPSA,1
11,12,IRD-12,TGCTTCCTGYKGCYYFGKDGKFLCEGESTEPKACTLECDPRVAYMTCPST,1
12,13,IRD-13,TGCTTCCTGYKGCYYFGKDGKFVCEGESIEPKACTLECDSRVAYMTCPSS,1
13,14,IRD-14,TGCTTCCTGYKGCYYFGHDGKFVCEGQSSEPRACTLECDPKVAYMTCPSS,1
14,15,IRD-15,TECTTCCTGYKGCYYFGHDGKFVCEGQSSEPRACTLECDPKVAYMTCPSS,1
16,17,IRD-17,KICTKECLNVGYMICPSSGPQKLHPSCTNCCRAQKGCKLYRSDGTLICT,1
19,20,IRD-20,TGCTTCCTGYKGCYYFGQDGEFVCEGESIEPKGCTKECDPRVAYMTCPSS,1
20,21,IRD-21,GICINCCSGFKECKYFSKDYTFICDGESKDWESRKACSKECDRRIEFGICVTD,1
21,22,IRD-22,GICINCCSGYKECKYFSKDYTFICDGESKDWQSRKACSKECDRRIEFGICVTD,1
22,23,IRD-23,GICINCCSGYKECKYFSKDYTFICDGESTDWQSGKACSKECDRRIEFGICVTD,1
23,24,IRD-24,GICINCCSGFKECKYFSKDYTFICDGESKDWESRKACSKECDRRIEIGICVTD,1
24,25,IRD-25,GICINCCSGFKECKYFSKDYTLICDGESKDWESRKACSKECDRRIEFGICVTD,1
25,26,IRD-26,PLCVNCCSGKIGCKYFNKNGTFICDGGSEWDGRKACSKECDPRIDIGFCAYV,1
26,27,IRD-27,TGCTTCCTGYKGCYYFGQEGEFVCEGESIEPKGCTQECDPRVAYMTCPSS,1
27,28,IRD-28,TGCTTCCTGYKGCYYYGKDDKFVCEGESIEPRVCTQECDPRVAYMTCPST,1
28,29,IRD-29,TGCTTCCTGYKGCYYYGKDGKFVCEGESIEPRVCTQECDPRVAYMTCPST,1
29,30,IRD-30,TGCTTCCTGYKGCYYYGKDDKFVCEGESIEPRVCTQECDPRVAYMTCPSD,1
30,31,IRD-31,IECTSCCTGYKGCYYFDLDGKFVCEGKRSEPKICTQQCDPKVAYMICPSS,1
31,32,IRD-32,TKCTTCCTGYKGCYYYGKDNKFVCEGQSNEPKVCTQQCDPKVAYMTCPPE,1
32,33,IRD-33,TGCTTCCTGYKGCYYYGKDNKFVCEGQSDEPKVCTQQCDPKVAYMTCPPE,1
33,34,IRD-34,IECTSCCTGYKGCYYFGLDGKFVCEGKRSEPKICTQQCDPKVAYMICPSS,1
34,35,IRD-35,TGCTNCCTGYKGCYYFGEDGKFVCKGESPEPKICPAICDLTAAYMTCPSS,1
35,36,IRD-36,TGCTNCCTGYKGCYYFGKDGKFVCEGESTEPKKCPAICIIDAYMTCPSS,1
36,37,IRD-37,TGCTNCCTGYKGCYYFGKDGKFVCEGESTEPKKCPAICIIAAYMTCPSS,1
37,38,IRD-38,RICTNCCAARKGCNYFSADGTFVCKGESVVESMIEAVKPCRRNCDGRISYSVCGNK,1
38,39,IRD-39,VGCTNCCAAKKGCNYFSANGTFVCKGESVVESMIEAVKPCRRNCDGRISYSVCGNK,1
278,279,IRD-279,KACPPNCDPHIAYSKCPPSKGKSLIYPTGCTTCCTGYKGCYYFGKNGKFECE,2
279,280,IRD-280,RVCTQECDPRVAYMTCPSTGSTKHTRICVNCCTAKSGCKLYDRNGSQLCTG,2
280,281,IRD-281,RVCTQECDPRVAYMTCPSTGSTKHTRICVNCCTAKPGCKLYDRNGSLLCTG,2
281,282,IRD-282,RVCTQECDPRVAYMTCPSTGSTKHTRICVNCCTAKPGCKLYDRNGSQLCTG,2
282,283,IRD-283,RVCTQECDPRVAYMTCPSDGSTKHTRICENCCTAKPGCKLYDRNGSQLCTG,2
283,284,IRD-284,QICTQECNPNAAYMICQPNNKKTKNVCTNCCKIQNTRCHIYTSKDGLIC,2
284,285,IRD-285,KVCTQQCDPKVAYMTCPPESTKLTRVCVNCCTAKPGCKLYGHDGSLICIG,2
285,286,IRD-286,KVCTQQCDPKVAYMTCPPESAKRTRICVNCCTAKPGCKLYGHDESLICVG,2
286,287,IRD-287,KKCPAICIIDAYMTCPSSGSVKIKVHCGNCCTLREGCKLYRKDGSLICTG,2
287,288,IRD-288,KKCPAICIIAAYMTCPSSGSVKIKVHCGNCCSLSEGCKLYRKDGSLICTG,2
288,289,IRD-289,KGCSRNCDTEVDYMVCPSGGETITRNVCTNCCSAQKSCKLFRSDGSVKCSG,2
289,290,IRD-290,EHCPKECDRKIAYSKCPHSEGPTKIIPTKCTTCCTGYKGCYYYGKDNKFVCEG,2
290,291,IRD-291,EHCPKECNRKIAYSKCPHSEGPTKIIPTKCTTCCTGYKGCYYYGKDNKFVCEG,2
298,299,IRD-299,NTCPLYCDGDIAYSKCPRSEGQTIIYPTGCTTCCTGYKGCYYFSKEGEFVCEG,2
299,300,IRD-300,KVCPLYCIINQGIYMTCPSSGSQKLEPVCNCCLAKTGCKLYRDNGTLICTA,2
300,301,IRD-301,KACPLYCLDVDYMTCESSGDKKLNSACNCCLAPKNCTLHLADGRMVQC,2
301,302,IRD-302,IACPLYCLDVDYMTCPSSGEEKLSPSCNCCLAPKNCTLHLSDGSSLYCK,2
302,303,IRD-303,IVCPLYCLDVDYMTCPSSGEEKLSPSCNCCLAPKNCTLHLSDGSSIYCK,2
303,304,IRD-304,KACPLYCLDVEYMTCQSSGDEKLNPSCNCCLAPKNCTLHLSDGTSLFCK,2
304,305,IRD-305,KACPLYCLDVEYMTCQSSGEKKLNPSCNCCLAPKNCTVHLVDGTSIYCKG,2
305,306,IRD-306,EACPLYCLDVEYMTCESSGEEKLSPRCNCCLAPKNCTLHLSDGTSIFCK,2
306,307,IRD-307,IACPLYCLQVEYMTCPSSGADKLPPRCNCCLAPKNCTLHLSDSTTIHCS,2
307,308,IRD-308,KACPLYCLDVDYMTCVSSGEEKLTAPCNCCLAPKQCTLHLVDGSEVQCD,2
308,309,IRD-309,LACPLYCLDVKYMTCTSSGGERLPGRCNCCLAPKGCTLHLTDGTTRFCV,2
309,310,IRD-310,IACPLYCLEVEYMTCPSSGDEKLPPRCNCCLAPKDCTLHLSGSTSIHCT,2
310,311,IRD-311,IACPLYCLEVEYMTCPSSGDEKLPPRCNCCLAPKNCTLHLSGSTSIHCT,2
311,312,IRD-312,KACPLYCLQVEYMTCLSSGDAKLPPRCNCCLAPKNCTLHLSDSTSIHCK,2
312,313,IRD-313,KACPLYCLDVEYMTCQSSGEKKLNPKCNCCLAPKNCTLHLVDGNSL,2
313,314,IRD-314,IACPLYCLQVEYMTCRSSGEEKLPPKCNCCLAPKNCTLHLSDSTSIHCN,2
314,315,IRD-315,IACPLYCLQVEYMTCLSSGDDKLPPRCNCCLAPKNCTLHLSDSTSIHCN,2
316,317,IRD-317,KACPANCDPRIAYSKCPRSQGRRIHYPTGCTNCCTGYKGCYYFGKDGKFVCEG,2
317,318,IRD-318,KACPANCDPRIAYSKCPRSQGRRIDYPTGCTNCCTGYKGCYYFGKDGKFVCEG,2
318,319,IRD-319,KACPANCDRRIAYSKCPRSQGRRIHYPTGCTNCCTGYKGCYYFGEDGKFVCKG,2
319,320,IRD-320,KACTRNCDPDVAYMVCPSSGHRIIKQVCVNCCSARKGCKLFRKNGSVKCIG,2
320,321,IRD-321,KACTRNCDPDVAYMVCPSTRQKITKPCVNCCSAKKGCKLFRSNGSVKCTG,2
321,322,IRD-322,KACTRNCDPDVAYMVCPSTGQRITKPCVNCCSARKGCKLFRSNGSVKCTG,2
322,323,IRD-323,KACTRNCDPDVAYMVCPSTRQKITKPCVNCCSARKGCKLFRSNGSVKCTG,2
323,324,IRD-324,KACTRNCDPDVAYMVCPSTGQRITKPCVNCCSARKGCKLFHSNGSVKCTG,2
324,325,IRD-325,KICPQYCTDQAGYMTCPSSGNTQLSPSCNCCLAPAGCTLYRADGTSICTG,2
325,326,IRD-326,KVCPQYCTQDAGYMTCPSSGNKQLNPPCNCCLAPKGCTVYHADGTAICTG,2
326,327,IRD-327,KACPQYCLDVEYMTCPSTGEQQLSPKCNCCLAPKGCILHLSDGTSVTCS,2
327,328,IRD-328,NACPQYCLDYAYMTCPSSGSQKLDPACNCCLAQGCTLYLADGTSTYCD,2
328,329,IRD-329,VACPQYCLEVDYITCPSSGSQKLPARCNCCMAPKGCTLHLSDGINQTCS,2
329,330,IRD-330,VACPQYCLDVDYMTCASSGDEKLAARCNCCLAPKGCTLHLVDGQNVYCA,2
330,331,IRD-331,MACPQYCLEVDYITCPSSGSQKLPARCNCCMAPKGCTLHLPDGINQTCS,2
331,332,IRD-332,VACPQYCLEVDYVTCPSSGAEKLPARCNCCMTPKGCTLHLSDGTQQTC,2
332,333,IRD-333,VACPQYCLEVDYVTCPSSEQQKLPARCNCCMAPKGCTLHLSDGISQTCS,2
333,334,IRD-334,VACPQYCLEVDYVTCPSSGAEKLPARCNCCMTPKGCTLHLSDGTRQTC,2
334,335,IRD-335,EACPQYCLDVEYMTCGNSGTKQYPSCINCCLAPKGCTLHLADGTTQYCG,2
335,336,IRD-336,VACPQYCLDVSYVTCTSSGEERLPARCNCCLAGKGCTLHLSDGSQMTCS,2
336,337,IRD-337,VACPQYCLDVSYVTCTSSGKERLPARCNCCLAGKGCTLHLSDGSQMTCS,2
337,338,IRD-338,FACPQYCLEVDYVTCPSSGAEKLPARCNCCMTPKGCTLHISDGTQQTC,2
338,339,IRD-339,RFCPLFCFRSEYMTCPSTGYERLPPQCNCCLAGPGCKIYGFDGRLLCAE,2
341,342,IRD-342,KMCLQVCDNEVAYMTCPSSGDEKITEVCVNCCTADEGCKLYRADGSLICTG,2
342,343,IRD-343,KMCLQVCDPEVAYMTCPSSGDEKISDVCVNCCTAAVGCKLFRSDGSLICTG,2
343,344,IRD-344,KMCLQVCDPEVAYMTCPSSGDEKMSDVCVNCCTAAVGCKLFRSDGSFICTG,2
344,345,IRD-345,KMCLQVCDNEVAYMTCPSSGDEKISGVCVNCCTADEGCKLYRMAQNP,2
346,347,IRD-347,KSCLQFCDNEVAYMTCPSSRDEQISPVCVNCCTANEGCKLFRKNGSLICTG,2
347,348,IRD-348,KMCIQVCDPEVASMTCPSSGDEKINDVCVNCCTAAVGCKLFRSDGSLICTG,2
348,349,IRD-349,KMCIQVCDPEVASMTCPSSGDEKINDVCVNCCTAAVGCKLFRSDGSLICIG,2
349,350,IRD-350,KVCPLICYDVAAYMTCPSSGNEHLSPLCNCCLASEPGCAIYLSDGTRLCTS,2
350,351,IRD-351,RLCPLICEPPKIKVCPSRGTNQIPISVLPPDKEPSNGCHLYNLKTGA,2
351,352,IRD-352,RPCPLICQPPKIKVCPSPGTNQIPISVLPPDKEPSNGCHLYNLKTGA,2
352,353,IRD-353,KVCPLICYDAAAYMTCPSSGNEHLSPLCNCCLASEPGCALDLSDGTRL,2
353,354,IRD-354,KICPQICFDAAAYMMCPSSGTQKLAPTCNCCLAPQGCSLYYADRTLICTS,2
354,355,IRD-355,KVCPQICYEAAYMTCPSSGSTHLSPSCNCCLAPEVGCKIYNSDGTRICTS,2
355,356,IRD-356,VACPLVCLDVDYMTCPSTGDEHLSPQCNCCLAPKGCTLHLTDGTSVSCS,2
356,357,IRD-357,KVCNKICYGAAAYMTCPSSGSTQLDPVCNCCLAPALGCTLYESDGTPICTS,2
357,358,IRD-358,KVCNKICYGAAAYMTCPSSGNTQLDPVCNCCLAPALGCTLYESDGTPICTS,2
358,359,IRD-359,KSCPRDCISDAAYMVCPTRHRQHKLIESYCDNCCTLPENCKLFKENGDLICTG,2
359,360,IRD-360,KSCPRDCISDAAYMVCPTRHGRHKLIESYCDNCCTLPENCKLFKENGDLICTG,2
360,361,IRD-361,KSCPRDCISDAAYMVCPTHHGRHKLIESYCDNCCTLPGNCKLFKENGDLICTG,2
361,362,IRD-362,RVCAMYCLNGTYMTCPPKDPEKLPPACNCCLAKKRGCTIYLSDGGALYCMG,2
362,363,IRD-363,RVCAMYCLNGTYMTCPPKDPEKLPPACNCCLAKKRGCTIYLSDGGAVSG,2
363,364,IRD-364,RMCAMYCLDAKYMTCPPKDTEQLPPACNCCVAEKRGCTIYLSNGGVEKC,2
364,365,IRD-365,KACLQKCNNEVEYMTCPSSGDEKIMPTCTNCCLAEVGCKLFRADGSLICVG,2
365,366,IRD-366,KVCPRFCYAAVAYMTCPPAPYKKLGPVCNCCMAKPGCKLFRADGTVICTA,2
366,367,IRD-367,KVCPFFCYAEVAYMTCPPAPYKKLGPVCNCCLAKPGCKLFRADGTVICTA,2
367,368,IRD-368,KYCTQDCLPNVWYMTCPSSGNKKLYPLCINCCRTPKGCKLFGPNDYLIL,2
368,369,IRD-369,KVCIQICYEAAYMTCPSSGSTHLSPSCNCCLAPEVGCKIYNSDGTQICTS,2
369,370,IRD-370,KACYLICFDAAYMTCPSTGLQKLAPACNCCLAGSGCKIYAADGSLICS,2
370,371,IRD-371,KACYLYCLQVDYMTCPSSGEEKLEPKCNCCLAPKGCTLHLSGGSSMLCS,2
371,372,IRD-372,RFCPMYCLDFEYMTCNSTGTKQLPGVCNCCLAAQKGCTIHLRNGGVQKCP,2
372,373,IRD-373,KVCIETCQEAYYMTCPSTGNAKLNPACNCCLASLKEDGCTIYLKDGTVEKCP,2
373,374,IRD-374,KPCPDICLDYAYMTCPSSGNQKLDPACNCCFAPGCTLYLPDGTSTYCN,2
376,377,IRD-377,KICPQFCEPNIGYMTCPSTGHKKLYPKCINCCKAGKGCKLYRKNGSLRCTG,2
377,378,IRD-378,QICPQFCEPNVDYMTCSSSGSTILRPTCINCCQARGRGCQLFRRDGSAICN,2
378,379,IRD-379,QICPQFCEPNVDYMTCSSSGSTILRPTCINCCQATGRGCQLFRRDGSTICN,2
379,380,IRD-380,QICPQFCEPNVDYMTCSSSGSTILRPTCINCSQARGRGCQLFRRDGSAICN,2
380,381,IRD-381,KICPQFCYDSVAYMTCPSSGDQHLTPKCNCCLASTGCILYEADGTPICTA,2
381,382,IRD-382,KICPQFCYDGLEYMTCPSTGSQHLKPACNCCIAGEKGCALYLNNGQVVNCT,2
382,383,IRD-383,KICPQFCYDTVAYMTCPSTGGQHLYPKCNCCLASIGCILYEADGTPICTA,2
383,384,IRD-384,KICPQFCYDGLEYMTCPSTGSQHLKPACNCCIAGEKGCVLYLNNGQVINCT,2
384,385,IRD-385,KICPQFCFDGIEYMTCPSTGDKHLKPACNCCIADEKGCAIYLNNGQVVNCT,2
385,386,IRD-386,KICPQFCYDGIEYMTCPSTGSQRLKPVCNCCLADENGCAIYLNNGQVVNC,2
386,387,IRD-387,KFCPQFCYDGLEYMTCPSTGSQHLKPACNCCIAGEKGCVLYLNNGQVINCT,2
387,388,IRD-388,KFCPQFCYEGIEYMTCPSTGSKHLRPVCNCCLASEKGCAIYLSSGQVVNCA,2
388,389,IRD-389,EACPQFCYEAAYMTCPSSGSTHISPSCNCCLAPQVGCKIYYSDGTLICT,2
389,390,IRD-390,VACPQFCLDVDYVTCPSSGSEKLPASCNCCMTPKGCTLHLSDGTQQTCS,2
390,391,IRD-391,VACPQFCLDVDYVTCPSSGSEKLPARCNCCMTPKGCTLHLSDGTQQTCS,2
391,392,IRD-392,AACPQFCLDVAYVTCPSSGSEQLPARCNCCMTPAGCTLHLSDGTQQTC,2
392,393,IRD-393,KICPQFCYDNLDYMTCRSTGDQKRTPSCNCCLAPTNDGCILYFANGDAPIVC,2
393,394,IRD-394,VVCPLYCLQVDYMTCPSSGSEKLPAKCNCCLARAPKGCTLHLSDGTQQTCS,2
394,395,IRD-395,VVCPLYCLQVDYVTCPSSGSEKLPARCNCCLAPKGCTLHLSDGRQQNCS,2
395,396,IRD-396,VACPQYCLEVDYVTCPSSGSEKLPARCNCCLAPKGCTLHLSDGTQQTCS,2
396,397,IRD-397,VACPQYCLEVEYTTCPSSGSEKLPARCNCCMAPKGCTLHLSDGTKQTCR,2
397,398,IRD-398,KVCPLICYDSAGYMTCPSSGDQHLSPPCNCCLASTGCKIYKADGTLICTA,2
398,399,IRD-399,VACPQICYEAAYMTCPSSGDQHLTPACNCCIASTGCTLYNEDGTSICTA,2
399,400,IRD-400,VACHQYCLEVDYITCPSSGSEKLPARCNCCMAGKGCTLHLSGGINQTCN,2
401,402,IRD-402,KVCPFNCDGRISYSVCGNKKSSGRICTNCCAARKGCNYFSADGTFVCKG,2
402,403,IRD-403,KVCPFNCNPRIAYSICPGNKRSKGRICTNCCAGKKGCNYFSTDGTFVCEG,2
404,405,IRD-405,NACTFNCDPNIAYSRCPRSQGKSLIYPTGCTTCCTGYKGCYYFGKDGKFVCEG,2
405,406,IRD-406,NACTFNCDPNIAYSRCPRSQGKSLIYPTGCTTCCTGYKGCYYFGKDGKIVCEG,2
406,407,IRD-407,NACTFNCDPNIAYSRCPRSQGKSLIYPTGCTTCCTGYKGCYYFGKSGKIVCEG,2
407,408,IRD-408,KDCTFECDTQIAYSKCPRSEGKMIIKPTGCTTCCTGYQGCYYFDQDGDFVCEG,2
408,409,IRD-409,NDCTFECDTQIAYSKCPRSEGKMIIKPTGCTTCCTGYQGCYYFDQDGDFVCEG,2
418,419,IRD-419,KACTKECGNFAYGICPRSQGTPDDPICTTCCAGYKGCNYYSANGTFICEG,2
419,420,IRD-420,KACTKECGNFAYGICPRSQGTPDHPICTTCCAGYKGCNYYNANGTFICEG,2
428,429,IRD-429,ERCSKECDRKIAYSKCPRSEGPTIIKPTGCTTCCTGYKGCYYYGKDNKFVCEG,2
434,435,IRD-435,KPCRRNCDGRISYSVCGNKKSSGRICTNCCAGKKGCNYFSADGTFVCEG,2
436,437,IRD-437,NDCSYECDTQIAYSKCPRSEGKMIIKPTGCTTCCTGYQGCYYFDQEGDFVCEG,2
437,438,IRD-438,KACPRNCDTDIAYMVCPSSGERTIRKVCTNCCAAQKGCKLFRSNGSIKCTG,2
438,439,IRD-439,AGCPRNCDPDAAYIKCPPNPKKTEAGCTNCCVSTSRGCRLYYSNNTRLC,2
442,443,IRD-443,KACPLNCDTNIAYSRCSRSKGKTLIYPTGCTTCCTGYKGCYYFGKNGKFVCEG,2
446,447,IRD-447,KPCTLNCDPRIAYSKCPRSEGNAGNRICTNCCAGRKGCNYYSADGTFICEG,2
482,483,IRD-483,KACPRNCNPRIAYSICPGNKRSEGRICTNCCAGSKGCNYYTVDGTFVCEG,2
483,484,IRD-484,KACPRNCDPHIAYSKCPRSGGKTLIYPTGCTTCCTGYTDCYYFGKDGKFVCEG,2
484,485,IRD-485,KACPRNCDPHIAYSKCPRSEGKSLIYPTGCTTCCTGYKGCYYFGKNGKFVCEG,2
486,487,IRD-487,NVCPRNCDTNIAYSKCPRSEGKSLIYPTGCTTCCTGYKGCYYFGKNGKFVCEG,2
487,488,IRD-488,NVCPRNCDTNIAYSKCLRSEGKSLIYPTECTTCCTGYKGCYYFGKNGKFVCEG,2
488,489,IRD-489,NVCPRNCDTNIAYSKCLRSEGKSLIYPTGCTTCCTGYKGCYYFGKNGKFVCEG,2
489,490,IRD-490,NVCPRNCDTNIAYLKCLRSEGKSLVYPAGCTTCCTGYKGGYYFGKNGKFVCEG,2
490,491,IRD-491,KACPRNCDTDIAYMVCPSSGERIIRKVCTNCCAAQKGCKLFRSNGSIKCTG,2
493,494,IRD-494,KACPLNCDPHIAYSKCPRSEGKSLIYPTGCTTCCTGYKGCYYFSKNGKFVCEG,2
494,495,IRD-495,KACPLNCDPHIAYSKCPRSEGKSLIYPTGCTTCCTGYKGCYYFDKNGKFVCEG,2
495,496,IRD-496,KACPLNCDPHIAYSKCPRSEGKSLIYPTGCTTCCTGYKGCYYFGKNGKFVCEG,2
496,497,IRD-497,KACPLNCDTNIAYSRCPHSEGKSLIYPTGCTTCCTGYKGCYYFGKNGKFVCEG,2
497,498,IRD-498,NACPLNCDPNIAYSRCPRSEGKSLIYPTGCTTCCTGYKGCYYFGKNGKFVCEG,2
498,499,IRD-499,KACPLNCDTNIAYSRCPRSEGKSLIYPTGCTTCCTGYKGCYYFGTNGKFVCEG,2
499,500,IRD-500,KACPLNCDTNIAYSRCPRSEGKSLIYPTGCTTCCTGYKDCYYFDKNGKFVCEG,2
507,508,IRD-508,KACPRNCDPRIDYRVCPRSEENNNQKCTNCCAGTKGCNYFSANGTFICEG,2
515,516,IRD-516,KPCPRNCDGRIAYGICPLSENKRINQICTNCCAGKKGCLYFSNDGTFICEG,2
675,676,IRD-676,KVCPQFCLDAEYMTCGSSDERLNPSCNCCLAPQGCTLYFSDGTSQYCA,2
676,677,IRD-677,MACPLYCLDVEYMTCNGTKVTPGRCNCCLAPKGCILHLSDGTSVNCG,2
677,678,IRD-678,KACPLYCLDVVSMTCNGTEVNFTSCNCCLAPKGCTLHLADGGSVYCG,2
678,679,IRD-679,KACPLYCLDVVSMTCNGTEVNFTRCNCCLAPKGCTLHLADGRSVYCS,2
679,680,IRD-680,EACPQYCLDVEYMTCGNSETKLPPRCNCCLAPKGCTLHLADGTSQYCS,2
680,681,IRD-681,KICPQYCLDVEYMTCGSSCERLEPKCNCCLAPEGCTLHLADGTSEYCG,2
681,682,IRD-682,PACPQYCLSDADYVICNSPVPAKYPVSCGNCCFARSAVGSSKDCSIHFTDGRLQACG,2
682,683,IRD-683,RLCPLICEPPKIKVCPSRGTNRIPISVLPPDKEPSNGCHLYNLKTGA,2
683,684,IRD-684,RPCPLICHPPKIKVCPSRGTNRIPISVLPPDKEPSNGCHLYNLKTGAP,2
684,685,IRD-685,KVCPLVCFKAAYMICPHPPHKKLRPVCNCCLAKPHCKLYRHDGTVICTA,2
685,686,IRD-686,KTCTFKCGSASYVCPGPKSVALDFNSCHTCRKPLKEGCKLYNRQGHQLCV,2
686,687,IRD-687,KVCIEICLEANYMTCPSTGNAELNPACNCYLANEDGCTIYLKDGTVEKCPR,2
687,688,IRD-688,KVCPQLCLGAEYMTCGSSDERLNPSCNCCLAPQGCTLYFSDGTSQYCA,2
688,689,IRD-689,KACSKECDRRIEFGICVTDLTKTVNGLCTTCSAGKKGCKYFNNNGTYICDG,2
689,690,IRD-690,KACSKECDRRIEIGICVTDLTKTVNGLCTTCSAGKKGCKYFNNNGTYICDG,2
690,691,IRD-691,KACSKECDPRIDIGFCAYVQTKIVNGLSTNCSAGKKGCKYFSNDGT,2
691,692,IRD-692,KVCTMECGNFAYGICPRSEGSPICTNCCSGYKGCNYYSANGTFICEG,2
692,693,IRD-693,KACPRNCDTRIAYSKMSTFRRKTQKIAYAPIAVQAVRVATNYSADGTFICEG,2
693,694,IRD-694,KVCTRECGFVSYVCPGPKSVALDFNSCHTCKKPLREGCKLYNRQGHQLCV,2
694,695,IRD-695,KVCTRECGFVSYVCPGPKSVALDFNSCHTCKKPLKEGCKLYNRQGHQLCV,2
695,696,IRD-696,KACTLECGFASYVCPGPKSVALDFNSCHTCKKPLREGCKLYNRQGHQLCV,2
696,697,IRD-697,KACTLECGFASYVCPGPKSVALDFNSCHTCKKPLREGCKLYNRRGHQLCV,2
697,698,IRD-698,TICTLECNTKAVYIRCLPDKKKTKIGSGGCTNCCVSRKRGCQLYDSNDRRLCA,2
